<?xml version="1.0" encoding="UTF-8"?>
<project-private xmlns="http://www.netbeans.org/ns/project-private/1">
    <editor-bookmarks xmlns="http://www.netbeans.org/ns/editor-bookmarks/2" lastBookmarkId="0"/>
    <open-files xmlns="http://www.netbeans.org/ns/projectui-open-files/2">
        <group>
            <file>file:/C:/Users/Legendary%20Proo/Desktop/Work%20Project/Intern%20Career/src/System/Exam.java</file>
            <file>file:/C:/Users/Legendary%20Proo/Desktop/Work%20Project/Intern%20Career/src/System/TeacherLogin.java</file>
            <file>file:/C:/Users/Legendary%20Proo/Desktop/Work%20Project/Intern%20Career/src/System/HomeFrame.java</file>
            <file>file:/C:/Users/Legendary%20Proo/Desktop/Work%20Project/Intern%20Career/src/System/StudentsResults.java</file>
            <file>file:/C:/Users/Legendary%20Proo/Desktop/Work%20Project/Intern%20Career/src/System/AddQuestions.java</file>
            <file>file:/C:/Users/Legendary%20Proo/Desktop/Work%20Project/Intern%20Career/src/System/StudentsManagement.java</file>
            <file>file:/C:/Users/Legendary%20Proo/Desktop/Work%20Project/Intern%20Career/src/System/StudentRegister.java</file>
            <file>file:/C:/Users/Legendary%20Proo/Desktop/Work%20Project/Intern%20Career/src/System/TeachersRegister.java</file>
            <file>file:/C:/Users/Legendary%20Proo/Desktop/Work%20Project/Intern%20Career/src/System/UpdateQuestion.java</file>
            <file>file:/C:/Users/Legendary%20Proo/Desktop/Work%20Project/Intern%20Career/src/System/StudentLogin.java</file>
            <file>file:/C:/Users/Legendary%20Proo/Desktop/Work%20Project/Intern%20Career/src/System/TeachersManagement.java</file>
            <file>file:/C:/Users/Legendary%20Proo/Desktop/Work%20Project/Intern%20Career/src/System/StudentMark.java</file>
        </group>
    </open-files>
</project-private>
